# Data de inicio: 20231002;;;;;;
# Data de termino: 20231008;;;;;;
Nº dia;Novos usuarios;;;;;
0;46;;;;;
1;49;;;;;
2;76;;;;;
3;91;;;;;
4;68;;;;;
5;60;;;;;
6;61;;;;;
;;;;;;
# Data de inicio: 20231002;;;;;;
# Data de termino: 20231008;;;;;;
Nº dia;Usuarios recorrentes;;;;;
0;37;;;;;
1;47;;;;;
2;34;;;;;
3;81;;;;;
4;62;;;;;
5;36;;;;;
6;45;;;;;
;;;;;;
#  ;;;;;;
# Data de inicio: 20231002;;;;;;
# Data de termino: 20231008;;;;;;
Plataforma;Conversoes;;;;;
;;;;;;
;;;;;;
#  ;;;;;;
# Data de inicio: 20231002;;;;;;
# Data de termino: 20231008;;;;;;
Grupo de canais padrao do primeiro usuario;Novos usuarios;;;;;
Organic Search;320;;;;;
Direct;120;;;;;
Referral;10;;;;;
Organic Social;1;;;;;
;;;;;;
# Qual e sua performance na retencao de usuarios?;;;;;;
# Data de inicio: 20230827;;;;;;
# Data de termino: 20231007;;;;;;
Data;Semana 0;Semana 1;Semana 2;Semana 3;Semana 4;Semana 5
27 de ago. - 2 de set.;410;16;22;16;19;11
3 de set. - 9 de set.;319;23;9;9;11;-1
10 de set. - 16 de set.;407;20;15;11;-1;-1
17 de set. - 23 de set.;344;13;7;-1;-1;-1
24 de set. - 30 de set.;383;16;-1;-1;-1;-1
1 de out. - 7 de out.;430;-1;-1;-1;-1;-1
;;;;;;
#  ;;;;;;
# Data de inicio: 20231002;;;;;;
# Data de termino: 20231008;;;;;;
Publico-alvo;Usuarios;;;;;
0;610;;;;;
;;;;;;
#  ;;;;;;
# Data de inicio: 20231002;;;;;;
# Data de termino: 20231008;;;;;;
Cidade;Usuarios;;;;;
Rio de Janeiro;225;;;;;
Sao Paulo;55;;;;;
Brasilia;27;;;;;
Belo Horizonte;16;;;;;
Niteroi;16;;;;;
Manaus;13;;;;;
Porto Alegre;13;;;;;
Fortaleza;8;;;;;
Vila Velha;8;;;;;
Vitoria;8;;;;;
Natal;7;;;;;
Sao Goncalo;7;;;;;
Curitiba;6;;;;;
Juiz de Fora;6;;;;;
Campinas;5;;;;;
Caxias do Sul;5;;;;;
Duque de Caxias;5;;;;;
Goiania;5;;;;;
Salvador;5;;;;;
Macae;4;;;;;
Nova Friburgo;4;;;;;
Nova Iguacu;4;;;;;
Angra dos Reis;3;;;;;
Belem;3;;;;;
Caraguatatuba;3;;;;;
Joao Pessoa;3;;;;;
Marica;3;;;;;
Recife;3;;;;;
Ribeirao Preto;3;;;;;
Araruama;2;;;;;
Barra do Garcas;2;;;;;
Blumenau;2;;;;;
Cabo Frio;2;;;;;
Cachoeiro de Itapemirim;2;;;;;
Campos dos Goytacazes;2;;;;;
Divinopolis;2;;;;;
Florianopolis;2;;;;;
Franca;2;;;;;
Itanhaem;2;;;;;
Itapemirim;2;;;;;
Itaperuna;2;;;;;
Jaboatao dos Guararapes;2;;;;;
Jequie;2;;;;;
Mage;2;;;;;
Nilopolis;2;;;;;
Rio das Ostras;2;;;;;
Rolandia;2;;;;;
Santa Maria;2;;;;;
Sao Mateus do Sul;2;;;;;
Serra;2;;;;;
Teresina;2;;;;;
Uberlandia;2;;;;;
Volta Redonda;2;;;;;
89032;1;;;;;
92364;1;;;;;
Acarau;1;;;;;
Araguaina;1;;;;;
Araraquara;1;;;;;
Assis;1;;;;;
Atibaia;1;;;;;
Bambui;1;;;;;
Barao de Cocais;1;;;;;
Bauru;1;;;;;
Belford Roxo;1;;;;;
Bergamo;1;;;;;
Boa Esperanca;1;;;;;
Bom Jesus do Itabapoana;1;;;;;
Braco do Norte;1;;;;;
Buenos Aires;1;;;;;
Campina Grande;1;;;;;
Campo Grande;1;;;;;
Canela;1;;;;;
Canoas;1;;;;;
Chennai;1;;;;;
Colatina;1;;;;;
Concordia;1;;;;;
Currais Novos;1;;;;;
Esmeraldas;1;;;;;
Faro;1;;;;;
Feira de Santana;1;;;;;
Flores da Cunha;1;;;;;
Fredericton;1;;;;;
Governador Valadares;1;;;;;
Guarabira;1;;;;;
Guarapari;1;;;;;
Guarulhos;1;;;;;
Guelph;1;;;;;
Ilheus;1;;;;;
Imperatriz;1;;;;;
Indio;1;;;;;
Itabira;1;;;;;
Itaborai;1;;;;;
Itacoatiara;1;;;;;
Itajuba;1;;;;;
Ji-Parana;1;;;;;
Joanopolis;1;;;;;
Joinville;1;;;;;
Jose Bonifacio;1;;;;;
Kuala Lumpur;1;;;;;
Lajeado;1;;;;;
Leopoldina;1;;;;;
Liverpool;1;;;;;
London;1;;;;;
Macaiba;1;;;;;
Maceio;1;;;;;
Marechal Deodoro;1;;;;;
Muriae;1;;;;;
Novo Gama;1;;;;;
Paraiba do Sul;1;;;;;
Paranavai;1;;;;;
Paraty;1;;;;;
Parnamirim;1;;;;;
Patos;1;;;;;
Peruibe;1;;;;;
Petropolis;1;;;;;
Piracicaba;1;;;;;
Pirassununga;1;;;;;
Piuma;1;;;;;
Porto;1;;;;;
Porto Real;1;;;;;
Porto Seguro;1;;;;;
Pouso Alegre;1;;;;;
Queimados;1;;;;;
Resende;1;;;;;
Rio Bonito;1;;;;;
Santa Cruz do Capibaribe;1;;;;;
Santo Andre;1;;;;;
Sao Bernardo do Campo;1;;;;;
Sao Carlos;1;;;;;
Sao Luis;1;;;;;
Sao Pedro da Aldeia;1;;;;;
Sao Sebastiao;1;;;;;
Sete Lagoas;1;;;;;
Setubal;1;;;;;
Shrewsbury;1;;;;;
Sobral;1;;;;;
Sumare;1;;;;;
Teresopolis;1;;;;;
Tiangua;1;;;;;
Varginha;1;;;;;
Viamao;1;;;;;
Viana;1;;;;;
Vicosa;1;;;;;
Vila Nova de Gaia;1;;;;;
Vitoria da Conquista;1;;;;;
Wroclaw;1;;;;;
;;;;;;
#  ;;;;;;
# Data de inicio: 20231002;;;;;;
# Data de termino: 20231008;;;;;;
Titulo da pagina e classe da tela;Visualizacoes;;;;;
Estatisticas Fluminense - Principal;644;;;;;
Consultas Especiais;259;;;;;
Jogador;249;;;;;
Adversarios;241;;;;;
Jogo;147;;;;;
Especiais Jogadores;101;;;;;
Campeonatos;94;;;;;
Fluminense x Boca Juniors-Argentina;84;;;;;
Fluminense x Botafogo-RJ;70;;;;;
Fluminense x Internacional-RS;69;;;;;
Tecnico;66;;;;;
Informacoes Gerais;63;;;;;
German Cano 2023;59;;;;;
Graficos;54;;;;;
Maiores Artilheiros;52;;;;;
Especiais Adversarios;45;;;;;
Internacional 1 X 2 Fluminense;43;;;;;
Libertadores da America 2023;42;;;;;
Estadios;37;;;;;
Fluminense x Palmeiras-SP;35;;;;;
Tec - Fernando Diniz;34;;;;;
Arbitros;34;;;;;
Especiais Campeonatos;32;;;;;
Especiais Tecnico;29;;;;;
Curiosidades e Titulos;27;;;;;
Especiais Jogos;25;;;;;
Libertadores da America;24;;;;;
Beira Rio;22;;;;;
Fluminense x Sao Raimundo-AM;21;;;;;
Especiais Gerais;20;;;;;
Fluminense 2 X 3 ABC;20;;;;;
Camisa;19;;;;;
Leandro Pedro Vuaden;18;;;;;
Mascotes;18;;;;;
Adversario x Estadio;17;;;;;
Artilheiros Estrangeiros;17;;;;;
Especiais Estadios;17;;;;;
John Kennedy 2023;17;;;;;
Maior Artilheiro contra Adversario;17;;;;;
Maior Artilheiro em Campeonato;17;;;;;
Marcelo 2023;17;;;;;
Treinador com mais jogos;17;;;;;
Fred 2022;15;;;;;
Jesus Valenzuela;15;;;;;
Jogos em 04 / 11;15;;;;;
Todos os Jogos contra Boca Juniors-Argentina;14;;;;;
Treinador com mais campeonatos disputados;14;;;;;
Artilheiros no(a) Libertadores da America;13;;;;;
Libertadores da America 2008;13;;;;;
Copa do Brasil 1992;12;;;;;
Fluminense 1 X 1 America;12;;;;;
Fluminense x Flamengo-RJ;12;;;;;
Fluminense x Moto Club-MA;12;;;;;
Adversario x Campeonato;11;;;;;
Fluminense 3 X 1 Toluca;11;;;;;
Fluminense x Gremio Prudente-SP;11;;;;;
Germania 0 X 1 Fluminense;11;;;;;
Libertadores da America 1971;11;;;;;
Publico;11;;;;;
Artilheiros dos Seculos;10;;;;;
Cruzeiro 1 X 2 Fluminense;10;;;;;
Flamengo 0 X 0 Fluminense;10;;;;;
Libertadores da America 2022;10;;;;;
Todos os jogos de Adversario;10;;;;;
Boca Juniors 3 X 1 Fluminense;9;;;;;
Botafogo 1 X 0 Fluminense;9;;;;;
Brasileiro Serie B 1998;9;;;;;
Cuiaba 3 X 0 Fluminense;9;;;;;
Fluminense 2 X 2 Internacional;9;;;;;
Fluminense x Sao Paulo-SP;9;;;;;
Mais jogos em Campeonato;9;;;;;
Maracana;9;;;;;
20 Maiores Artilheiros Anuais;8;;;;;
Artilheiros contra Internacional;8;;;;;
Botafogo 1 X 1 Fluminense;8;;;;;
Felipe Melo 2023;8;;;;;
Fluminense 1 X 0 Flamengo;8;;;;;
Fluminense 3 X 1 Boca Juniors;8;;;;;
Fabio 2023;8;;;;;
Jhon Arias 2023;8;;;;;
Jogos em dd/mm;8;;;;;
Libertadores da America 2012;8;;;;;
Mais treinou em Campeonato;8;;;;;
Mario Jorge 1981;8;;;;;
Olimpia 1 X 3 Fluminense;8;;;;;
Todas as camisas;8;;;;;
Todos os jogos em campeonato;8;;;;;
Yony Gonzales 2023;8;;;;;
Adversarios em vantagem;7;;;;;
Alexsander 2023;7;;;;;
Botafogo 1 X 2 Fluminense;7;;;;;
Botafogo SP 1 X 1 Fluminense;7;;;;;
Brasileiro 1974;7;;;;;
Campeonatos por ano;7;;;;;
Disputa de Penalti;7;;;;;
Especiais Resultados;7;;;;;
Estadio x Campeonato;7;;;;;
Fluminense 1 X 0 Bayern de Munique;7;;;;;
Nino 2023;7;;;;;
Todos os Jogos contra Internacional-RS;7;;;;;
Todos os jogos no(a) Libertadores da America;7;;;;;
Vasco 1 X 1 Fluminense;7;;;;;
Andre 2023;6;;;;;
Andre Moritz 2007;6;;;;;
Artilheiros Anuais;6;;;;;
Boca Juniors - Libertadores da America;6;;;;;
Creditos;6;;;;;
Especiais Substituicoes;6;;;;;
Fluminense 0 X 0 Flamengo;6;;;;;
Fluminense 2 X 1 Internacional;6;;;;;
Fluminense 2 X 1 Santos;6;;;;;
Fluminense 4 X 1 Flamengo;6;;;;;
Fluminense x Atletico MG-MG;6;;;;;
Fluminense x Corinthians-SP;6;;;;;
Fluminense x LDU-Equador;6;;;;;
Fluminense x Paris Saint Germain-Franca;6;;;;;
Fluminense x Vasco-RJ;6;;;;;
Jogos em 04 / 10;6;;;;;
Keno 2023;6;;;;;
Libertadores da America 2011;6;;;;;
Maior Artilheiro em Ano;6;;;;;
Mais jogos no elenco atual;6;;;;;
Mais jogos no(a) Libertadores da America;6;;;;;
Paulo Henrique Ganso 2023;6;;;;;
Todos os Jogos contra Botafogo-RJ;6;;;;;
12º Jogador em Ano;5;;;;;
Aproveitamento Tecnicos no;5;;;;;
Boca Juniors - Maracana;5;;;;;
Botafogo - Brasileiro - Maracana;5;;;;;
Botafogo - Maracana;5;;;;;
Brasileiro 2020;5;;;;;
Campeonatos em 2023;5;;;;;
Corinthians 2 X 1 Fluminense;5;;;;;
Especiais Brasileirao;5;;;;;
Especiais Numeracao Fixa;5;;;;;
Fale Conosco;5;;;;;
Fluminense 0 X 1 Santos;5;;;;;
Fluminense 1 X 0 Sao Cristovao;5;;;;;
Fluminense 1 X 1 Botafogo;5;;;;;
Fluminense 1 X 1 Coritiba;5;;;;;
Fluminense 1 X 1 Sao Paulo;5;;;;;
Fluminense 2 X 0 Paysandu;5;;;;;
Fluminense 2 X 1 Bangu;5;;;;;
Fluminense 2 X 1 Flamengo;5;;;;;
Fluminense 5 X 1 River Plate;5;;;;;
Fluminense x River Plate-Argentina;5;;;;;
German Cano 2023 - Gols por Adversario;5;;;;;
German Cano 2023 - Gols por Ano;5;;;;;
Goleiros com mais jogos;5;;;;;
Guga 2023;5;;;;;
Kashima Antlers 2 X 0 Fluminense;5;;;;;
Libertadores da America 2013;5;;;;;
Libertadores da America 2021;5;;;;;
Madureira 1 X 2 Fluminense;5;;;;;
Maracana - Libertadores da America;5;;;;;
Marlon 2023;5;;;;;
Paris Saint Germain 0 X 1 Fluminense;5;;;;;
Portuguesa SP 0 X 0 Fluminense;5;;;;;
Samuel Xavier 2023;5;;;;;
Sao Paulo 1 X 0 Fluminense;5;;;;;
Tec - Parreira;5;;;;;
Todos os Jogos no(a) Engenheiro Araripe;5;;;;;
Todos os Jogos no(a) Maracana;5;;;;;
Tecnico x Campeonato;5;;;;;
Vasco 1 X 5 Fluminense;5;;;;;
Wilmar Roldan;5;;;;;
Ultimos Jogos;5;;;;;
12º Jogador em 2023;4;;;;;
A. A. Palmeiras 5 X 1 Fluminense;4;;;;;
Artilheiros contra Botafogo;4;;;;;
Artilheiros em 2023;4;;;;;
Artilheiros por Adversario;4;;;;;
Boca Juniors 1 X 2 Fluminense;4;;;;;
Boca Juniors 2 X 2 Fluminense;4;;;;;
Botafogo 2 X 0 Fluminense;4;;;;;
Brasileiro 2023;4;;;;;
Campeonatos em 2008;4;;;;;
Carioca 1995;4;;;;;
Eduardo Guinle;4;;;;;
Especiais Classicos;4;;;;;
Estatisticas por Ano;4;;;;;
Fernando Diniz 2003;4;;;;;
Figueirense 2 X 2 Fluminense;4;;;;;
Flamengo 1 X 2 Fluminense;4;;;;;
Fluminense 1 X 0 Bangu;4;;;;;
Fluminense 1 X 0 Sport;4;;;;;
Fluminense 1 X 1 Americano;4;;;;;
Fluminense 1 X 1 Boca Juniors;4;;;;;
Fluminense 1 X 1 Flamengo;4;;;;;
Fluminense 2 X 1 Palmeiras;4;;;;;
Fluminense 2 X 1 Vasco;4;;;;;
Fluminense 3 X 2 Volta Redonda;4;;;;;
Fluminense x A. A. Internacional-RJ;4;;;;;
Fluminense x Bangu-RJ;4;;;;;
Fluminense x Cachoeiro-ES;4;;;;;
Fluminense x Cruzeiro-MG;4;;;;;
Fluminense x Gremio-RS;4;;;;;
Fluminense x Juventude-RS;4;;;;;
Fluminense x Madureira-RJ;4;;;;;
Fluminense x Santos-SP;4;;;;;
Fluminense x Sport-PE;4;;;;;
Gasometro;4;;;;;
German Cano 2023 - Gols por Campeonato;4;;;;;
Haddock Lobo 1 X 8 Fluminense;4;;;;;
Internacional - Beira Rio;4;;;;;
Internacional 0 X 1 Fluminense;4;;;;;
Jogadores com mais jogos;4;;;;;
Juventude 6 X 0 Fluminense;4;;;;;
Laranjeiras;4;;;;;
Maiores Artilheiros por ano;4;;;;;
Maiores Artilheiros seculo XXI;4;;;;;
Maiores Publicos;4;;;;;
Maiores Publicos - Internacional;4;;;;;
Maiores Publicos - Libertadores da America;4;;;;;
Milan 0 X 1 Fluminense;4;;;;;
Olaria 3 X 2 Fluminense;4;;;;;
Paysandu 1 X 2 Fluminense;4;;;;;
Presenca Estrangeiros;4;;;;;
Ranking de gols por tipo;4;;;;;
Remo 1 X 1 Fluminense;4;;;;;
Riachuelo 2 X 7 Fluminense;4;;;;;
Saldo de placar em estadio;4;;;;;
Santa Cruz PB 0 X 4 Fluminense;4;;;;;
Sergio Americo 1970;4;;;;;
Sao Caetano 2 X 0 Fluminense;4;;;;;
Sao Paulo 2 X 2 Fluminense;4;;;;;
Taca Guanabara 1980;4;;;;;
Valdez 1968;4;;;;;
Vasco 0 X 0 Fluminense;4;;;;;
Vasco 0 X 3 Fluminense;4;;;;;
Waldo 1961;4;;;;;
Washington 2010;4;;;;;
Ultimos 2576 jogos como Mandante;4;;;;;
Adversario x Campeonato x Estadio;3;;;;;
Americano 2 X 1 Fluminense;3;;;;;
America RN 1 X 0 Fluminense;3;;;;;
Aniversariantes do dia;3;;;;;
Ano 2023;3;;;;;
Ano a ano;3;;;;;
Artilheiros contra Flamengo;3;;;;;
Artilheiros em Campeonato;3;;;;;
Artilheiros no(a) Brasileiro;3;;;;;
Athletico PR 3 X 0 Fluminense;3;;;;;
Atletico MG 2 X 1 Fluminense;3;;;;;
Avai 2 X 2 Fluminense;3;;;;;
Bahia 1 X 0 Fluminense;3;;;;;
Bahia 2 X 0 Fluminense;3;;;;;
Botafogo 0 X 0 Fluminense;3;;;;;
Botafogo 0 X 1 Fluminense;3;;;;;
Botafogo 0 X 2 Fluminense;3;;;;;
Campeonatos em 1992;3;;;;;
Campeonatos em 1995;3;;;;;
Campo Grande 0 X 4 Fluminense;3;;;;;
Carioca 1952;3;;;;;
Carioca 1992;3;;;;;
Carioca 1993;3;;;;;
Ceara 1 X 0 Fluminense;3;;;;;
Comercial MS 2 X 1 Fluminense;3;;;;;
Conselheiro Galvao;3;;;;;
Consulta Placar;3;;;;;
Corinthians 1 X 0 Fluminense;3;;;;;
Desportiva 1 X 1 Fluminense;3;;;;;
Disputa de penalti contra Internacional;3;;;;;
Edmundo 2004;3;;;;;
Elenco de jogadores em 2007;3;;;;;
Estadio x Adversario;3;;;;;
Fernando Diniz - Copa Sul Americana;3;;;;;
Flamengo 1 X 1 Fluminense;3;;;;;
Flamengo 2 X 1 Fluminense;3;;;;;
Fluminense 0 X 0 Gremio;3;;;;;
Fluminense 0 X 1 Argentinos Juniors;3;;;;;
Fluminense 0 X 1 Athletico PR;3;;;;;
Fluminense 0 X 1 Gremio;3;;;;;
Fluminense 0 X 1 Sao Caetano;3;;;;;
Fluminense 0 X 2 Boca Juniors;3;;;;;
Fluminense 0 X 3 Botafogo;3;;;;;
Fluminense 1 X 0 America;3;;;;;
Fluminense 1 X 0 Campo Grande;3;;;;;
Fluminense 1 X 0 Corinthians;3;;;;;
Fluminense 1 X 0 Cruzeiro;3;;;;;
Fluminense 1 X 1 Palmeiras;3;;;;;
Fluminense 1 X 2 Flamengo;3;;;;;
Fluminense 1 X 4 Botafogo;3;;;;;
Fluminense 2 X 0 Argentinos Juniors;3;;;;;
Fluminense 2 X 0 Gremio;3;;;;;
Fluminense 2 X 0 Olimpia;3;;;;;
Fluminense 2 X 1 Itabaiana;3;;;;;
Fluminense 2 X 1 Itaperuna;3;;;;;
Fluminense 2 X 1 Juventude;3;;;;;
Fluminense 2 X 2 Botafogo;3;;;;;
Fluminense 3 X 1 Flamengo;3;;;;;
Fluminense 3 X 1 LDU;3;;;;;
Fluminense 3 X 1 Portuguesa SP;3;;;;;
Fluminense 3 X 1 Vasco;3;;;;;
Fluminense 4 X 0 Portuguesa;3;;;;;
Fluminense 5 X 0 Botafogo;3;;;;;
Fluminense 5 X 1 Canto do Rio;3;;;;;
Fluminense 6 X 0 Adesg;3;;;;;
Fluminense 7 X 2 Botafogo;3;;;;;
Fluminense X Botafogo - Video;3;;;;;
Fluminense x A. C. Internacional-SP;3;;;;;
Fluminense x A.I.K.-Suecia;3;;;;;
Fluminense x Al Ahly-Egito;3;;;;;
Fluminense x America MG-MG;3;;;;;
Fluminense x Bragantino-SP;3;;;;;
Fluminense x Corintians Presid.-SP;3;;;;;
Fluminense x Coritiba-PR;3;;;;;
Fluminense x Fast-AM;3;;;;;
Fluminense x Goias-GO;3;;;;;
Fluminense x Nacional Uruguai-Uruguai;3;;;;;
Fluminense x Napoli-Italia;3;;;;;
Fluminense x Olimpia-Paraguai;3;;;;;
Fluminense x S. C. Internacional-SP;3;;;;;
Fluminense x Serrano-RJ;3;;;;;
Fluminense x Tarancon-Espanha;3;;;;;
Fluminense x Udinese-Italia;3;;;;;
Fluminense x Universidad Catolica-Chile;3;;;;;
Fluminense x Volta Redonda-RJ;3;;;;;
Flavio 1971;3;;;;;
Gols do Roni;3;;;;;
Graficos de Jogador;3;;;;;
Gremio 1 X 0 Fluminense;3;;;;;
Gremio Prudente 0 X 0 Fluminense;3;;;;;
Jardel 1967;3;;;;;
Jogos em mm/aaaa;3;;;;;
Junior 1998;3;;;;;
Libertadores da America contra times do(a) Brasil;3;;;;;
Maior Artilheiro em 1 campeonato;3;;;;;
Maiores publicos por Adversarios;3;;;;;
Mais Jogos;3;;;;;
Mais jogos no(a) Brasileiro;3;;;;;
Mais jogou em Campeonato;3;;;;;
Melhores Duplas;3;;;;;
Mesquita 1 X 1 Fluminense;3;;;;;
Numeracao Fixa;3;;;;;
Olaria 1 X 2 Fluminense;3;;;;;
Operario MS 1 X 1 Fluminense;3;;;;;
Pablo Dyego 2020;3;;;;;
Palmeiras - Libertadores da America;3;;;;;
Palmeiras - Maracana;3;;;;;
Palmeiras 3 X 2 Fluminense;3;;;;;
Presidentes;3;;;;;
Raulino de Oliveira;3;;;;;
Roni 2009;3;;;;;
Saldo de placar em campeonato;3;;;;;
Sampaio Correa 3 X 1 Fluminense;3;;;;;
Taca Cidade Maravilhosa;3;;;;;
Tec - Abel;3;;;;;
Tec - Edinho;3;;;;;
Tec - Evaristo de Macedo;3;;;;;
Tec - Zagalo;3;;;;;
Tiradentes 0 X 0 Fluminense;3;;;;;
Todos os Jogos contra Palmeiras-SP;3;;;;;
Todos os Jogos contra Vasco-RJ;3;;;;;
Todos os jogos em estadio;3;;;;;
Todos os jogos no(a) Carioca;3;;;;;
Universidad Catolica 2 X 0 Fluminense;3;;;;;
Vasco 0 X 2 Fluminense;3;;;;;
Vasco 2 X 1 Fluminense;3;;;;;
Vasco 4 X 2 Fluminense;3;;;;;
Vitoria BA 0 X 0 Fluminense;3;;;;;
Ultimos 1224 classicos;3;;;;;
Ultimos jogos em estadio;3;;;;;
12º Jogador;2;;;;;
2 ª passagem de Fernando Diniz;2;;;;;
30 Estadios onde mais jogamos;2;;;;;
36 Maiores idolos;2;;;;;
Adversarios Internacionais;2;;;;;
Adversarios do mesmo pais em campeonato;2;;;;;
Airton 2019;2;;;;;
Alfredo 1946;2;;;;;
Amarelos do German Cano - 2023;2;;;;;
Amarelos do Washington - 2010;2;;;;;
Americano 1 X 3 Fluminense;2;;;;;
Americano 3 X 1 Fluminense;2;;;;;
Amistoso Internacional 1986;2;;;;;
Aniversariantes em 02 / 09;2;;;;;
Aniversariantes em 06 / 12;2;;;;;
Ano 2022;2;;;;;
Aproveitamento Tecnicos;2;;;;;
Artilheiros contra Flamengo - Carioca - Maracana;2;;;;;
Artilheiros em 2022;2;;;;;
Artilheiros em jogos oficiais;2;;;;;
Artilheiros em turnos;2;;;;;
Artilheiros mais novos;2;;;;;
Artilheiros no(a) Carioca;2;;;;;
Artilheiros no(a) Copa do Brasil;2;;;;;
Assistencias;2;;;;;
Athletico PR 0 X 0 Fluminense;2;;;;;
Athletico PR 0 X 1 Fluminense;2;;;;;
Athletico PR 3 X 2 Fluminense;2;;;;;
Bangu 1 X 1 Fluminense;2;;;;;
Bobo 1992;2;;;;;
Boca Juniors - Engenhao;2;;;;;
Boca Juniors 1 X 0 Fluminense;2;;;;;
Bonsucesso 0 X 1 Fluminense;2;;;;;
Botafogo 2 X 3 Fluminense;2;;;;;
Brasileiro - 2º Turno 2023;2;;;;;
Brasileiro 2008;2;;;;;
Brasileiro 2022;2;;;;;
Brasileiro Serie C 1999;2;;;;;
Caio Martins;2;;;;;
Camisa ano a ano;2;;;;;
Campeonato da Capital 1995;2;;;;;
Campeonato por tempo determinado;2;;;;;
Campeonato x Estadio;2;;;;;
Campeonato x Jogador;2;;;;;
Campeonatos em 1993;2;;;;;
Carioca 1962;2;;;;;
Carioca 1986;2;;;;;
Carlos Andre 1990;2;;;;;
Carlos Torres;2;;;;;
Claudio Adao 1981;2;;;;;
Copa do Brasil 1994;2;;;;;
Copa do Brasil 1996;2;;;;;
Corinthians 0 X 1 Fluminense;2;;;;;
Corinthians 0 X 2 Fluminense;2;;;;;
Corinthians 1 X 1 Fluminense;2;;;;;
Coritiba 2 X 0 Fluminense;2;;;;;
Criciuma 0 X 3 Fluminense;2;;;;;
Criciuma 2 X 0 Fluminense;2;;;;;
Cesar 2003;2;;;;;
Dago 1991;2;;;;;
Dario Herrera;2;;;;;
Detalhamento dos Gols;2;;;;;
Diogo 2001;2;;;;;
Diogo Barbosa 2023;2;;;;;
Disputa de penalti;2;;;;;
Doval 1978;2;;;;;
Delio 1947;2;;;;;
Edinho 1966;2;;;;;
Especiais Presidentes;2;;;;;
Especiais Sequencias;2;;;;;
Especiais Tecnicos Adversarios;2;;;;;
Estadio por tempo determinado;2;;;;;
Fernando Diniz - Libertadores da America;2;;;;;
Flamengo 0 X 1 Fluminense;2;;;;;
Flamengo 0 X 2 Fluminense;2;;;;;
Flamengo 1 X 4 Fluminense;2;;;;;
Flamengo 2 X 0 Fluminense;2;;;;;
Flamengo 2 X 2 Fluminense;2;;;;;
Fluminense 0 X 0 Atletico GO;2;;;;;
Fluminense 0 X 0 Bangu;2;;;;;
Fluminense 0 X 0 Bonsucesso;2;;;;;
Fluminense 0 X 0 Campo Grande;2;;;;;
Fluminense 0 X 0 Guarani;2;;;;;
Fluminense 0 X 0 S. C. Americano;2;;;;;
Fluminense 0 X 0 Vasco;2;;;;;
Fluminense 0 X 0 Vitoria BA;2;;;;;
Fluminense 0 X 1 Sao Paulo;2;;;;;
Fluminense 0 X 2 Botafogo;2;;;;;
Fluminense 0 X 2 Fortaleza;2;;;;;
Fluminense 1 X 0 Americano;2;;;;;
Fluminense 1 X 0 Bahia;2;;;;;
Fluminense 1 X 0 Internacional;2;;;;;
Fluminense 1 X 0 The Strongest;2;;;;;
Fluminense 1 X 1 Atletico MG;2;;;;;
Fluminense 1 X 1 Bahia;2;;;;;
Fluminense 1 X 1 Criciuma;2;;;;;
Fluminense 1 X 1 Madureira;2;;;;;
Fluminense 1 X 1 Paysandu;2;;;;;
Fluminense 1 X 1 Santos;2;;;;;
Fluminense 1 X 2 Botafogo;2;;;;;
Fluminense 1 X 2 Internacional;2;;;;;
Fluminense 1 X 2 Vasco;2;;;;;
Fluminense 1 X 3 Palmeiras;2;;;;;
Fluminense 1 X 4 Flamengo;2;;;;;
Fluminense 2 X 0 Americano;2;;;;;
Fluminense 2 X 0 America;2;;;;;
Fluminense 2 X 0 America MG;2;;;;;
Fluminense 2 X 0 Corinthians;2;;;;;
Fluminense 2 X 0 Figueirense;2;;;;;
Fluminense 2 X 1 Botafogo;2;;;;;
Fluminense 2 X 1 Criciuma;2;;;;;
Fluminense 2 X 1 Cruzeiro;2;;;;;
Fluminense 2 X 1 Olaria;2;;;;;
Fluminense 2 X 1 Sao Caetano;2;;;;;
Fluminense 2 X 1 Sao Paulo;2;;;;;
Fluminense 2 X 1 Volta Redonda;2;;;;;
Fluminense 2 X 2 Cruzeiro;2;;;;;
Fluminense 2 X 2 Flamengo;2;;;;;
Fluminense 2 X 2 Joinville;2;;;;;
Fluminense 2 X 2 Vasco;2;;;;;
Fluminense 3 X 0 Canto do Rio;2;;;;;
Fluminense 3 X 0 Chapecoense;2;;;;;
Fluminense 3 X 0 Olaria;2;;;;;
Fluminense 3 X 1 Americano;2;;;;;
Fluminense 3 X 1 America;2;;;;;
Fluminense 3 X 1 Internacional;2;;;;;
Fluminense 3 X 1 Madureira;2;;;;;
Fluminense 3 X 1 Olaria;2;;;;;
Fluminense 3 X 1 Sao Paulo;2;;;;;
Fluminense 3 X 2 Coritiba;2;;;;;
Fluminense 3 X 2 Vasco;2;;;;;
Fluminense 3 X 3 Americano;2;;;;;
Fluminense 3 X 3 Vasco;2;;;;;
Fluminense 4 X 0 Bangu;2;;;;;
Fluminense 5 X 2 Paysandu;2;;;;;
Fluminense 5 X 2 Sao Paulo;2;;;;;
Fluminense 6 X 1 Ponte Preta;2;;;;;
Fluminense X Internacional - Video;2;;;;;
Fluminense x Ajaccio-Franca;2;;;;;
Fluminense x Athletico PR-PR;2;;;;;
Fluminense x Bauru-SP;2;;;;;
Fluminense x Coroados-RJ;2;;;;;
Fluminense x Criciuma-SC;2;;;;;
Fluminense x Deportivo Malaga-Espanha;2;;;;;
Fluminense x Desportiva-ES;2;;;;;
Fluminense x Fiorentina-Italia;2;;;;;
Fluminense x Football & Athletic-RJ;2;;;;;
Fluminense x Fortaleza-CE;2;;;;;
Fluminense x Genoa-Italia;2;;;;;
Fluminense x Goytacas-RJ;2;;;;;
Fluminense x Internacional SC-SC;2;;;;;
Fluminense x Ipiranga MG-MG;2;;;;;
Fluminense x Jacarezinho-PR;2;;;;;
Fluminense x Lugansk-Ucrania;2;;;;;
Fluminense x Mogiana-SP;2;;;;;
Fluminense x Nautico-PE;2;;;;;
Fluminense x Olimpico SC-SC;2;;;;;
Fluminense x Paulistano-SP;2;;;;;
Fluminense x Paysandu-PA;2;;;;;
Fluminense x Petropolitano-RJ;2;;;;;
Fluminense x Primeiro de Maio-PE;2;;;;;
Fluminense x Racca Rovers-Nigeria;2;;;;;
Fluminense x Rio Cricket-RJ;2;;;;;
Fluminense x Salgueiro-PE;2;;;;;
Fluminense x Sampaio Correa-MA;2;;;;;
Fluminense x San Lorenzo-Argentina;2;;;;;
Fluminense x Selecao Araguari-CS;2;;;;;
Fluminense x Selecao Huambo-CS;2;;;;;
Fluminense x Taubate-SP;2;;;;;
Fluminense x Teresopolis-RJ;2;;;;;
Fluminense x Vitoria BA-BA;2;;;;;
Flavio Renato 1985;2;;;;;
Fortaleza 4 X 2 Fluminense;2;;;;;
Frequencia de Placar - Branca 2023;2;;;;;
Frequencia de Placar por camisa;2;;;;;
Friburguense 2 X 2 Fluminense;2;;;;;
Fumanchu 1979;2;;;;;
Gerson 1974;2;;;;;
Goias 1 X 1 Fluminense;2;;;;;
Goias 2 X 2 Fluminense;2;;;;;
Gols do German Cano;2;;;;;
Gols do Marcos Junior;2;;;;;
Gols do Pablo Dyego;2;;;;;
Gols do Washington;2;;;;;
Gols do Yony Gonzales;2;;;;;
Gremio 0 X 1 Fluminense;2;;;;;
Gremio 2 X 1 Fluminense;2;;;;;
Guarani 1 X 1 Fluminense;2;;;;;
Hat Tricks;2;;;;;
Hercules 1942;2;;;;;
Internacional 1 X 0 Fluminense;2;;;;;
Internacional 1 X 1 Fluminense;2;;;;;
Internacional 2 X 0 Fluminense;2;;;;;
Internacional 2 X 2 Fluminense;2;;;;;
Jogador x Campeonato;2;;;;;
Jogadores com mais titulos;2;;;;;
Jogadores mais velhos;2;;;;;
Jogos Inesqueciveis;2;;;;;
John Kennedy 2023 - Gols por Adversario;2;;;;;
John Kennedy 2023 - Gols por Ano;2;;;;;
Juventude 1 X 0 Fluminense;2;;;;;
Juventude 2 X 1 Fluminense;2;;;;;
Juventude MT 4 X 1 Fluminense;2;;;;;
Kaua Elias 2023;2;;;;;
Kleber 1980;2;;;;;
La Bombonera;2;;;;;
Lele 2023;2;;;;;
Leo Fernandez 2023;2;;;;;
Libertadores da America 1985;2;;;;;
Libertadores da America contra times do(a) Argentina;2;;;;;
Lima 2023;2;;;;;
Madureira 1 X 5 Fluminense;2;;;;;
Maior Artilheiro em Estadio;2;;;;;
Maiores Artilheiros anuais;2;;;;;
Maiores Artilheiros em jogos oficiais;2;;;;;
Maiores Artilheiros vindo do banco;2;;;;;
Maiores Publicos - Classicos;2;;;;;
Mais Treinou;2;;;;;
Mais jogos no(a) Libertadores da America 2023;2;;;;;
Mais vezes Artilheiros Anuais;2;;;;;
Manfrini 1975;2;;;;;
Marcas Historicas Atuais;2;;;;;
Marcos Junior 2018;2;;;;;
Mario Bittencourt em classicos;2;;;;;
Martinelli 2023;2;;;;;
Mestalla;2;;;;;
Milionarios 1 X 2 Fluminense;2;;;;;
Milton 1955 - Gols por Ano;2;;;;;
Miranda 1980;2;;;;;
Multilinha Artilheiros;2;;;;;
Municipal Roseny Soares;2;;;;;
Media de Gols;2;;;;;
Media de Publico - Brasileiro 2023;2;;;;;
Nunes 1929;2;;;;;
Numeros por posicao;2;;;;;
Olaria 0 X 1 Fluminense;2;;;;;
Olaria 0 X 2 Fluminense;2;;;;;
Olaria 2 X 1 Fluminense;2;;;;;
Palmeiras 0 X 2 Fluminense;2;;;;;
Parana 0 X 1 Fluminense;2;;;;;
Parraro 1980;2;;;;;
Passagens de Tecnico;2;;;;;
Paulo Lino 1982;2;;;;;
Paysandu 0 X 0 Fluminense;2;;;;;
Paysandu 0 X 3 Fluminense;2;;;;;
Pedro Carlos Bregalda;2;;;;;
Pedro Rangel 2023;2;;;;;
Pessali 1996;2;;;;;
Ponte Preta 2 X 3 Fluminense;2;;;;;
Porto Alegre 1 X 1 Fluminense;2;;;;;
Quincas 1956;2;;;;;
Ramon Abatti Abel;2;;;;;
Ranking de Camisas;2;;;;;
Ranking dos gols - Bicicleta;2;;;;;
Ranking dos gols - Penalti;2;;;;;
Remo 2 X 1 Fluminense;2;;;;;
Renato Chaves 2018;2;;;;;
Renato Gaucho - Internacional;2;;;;;
Renato Gaucho 1997 - Gols por Adversario;2;;;;;
Ricardo Lopes 1986;2;;;;;
Ronaldo 1998;2;;;;;
Saldo de 1 gols no Maracana;2;;;;;
Saldo de 3 gols no Maracana;2;;;;;
Saldo de 5 gols no Maracana;2;;;;;
Saldo de 6 gols no Maracana;2;;;;;
Sampaio Correa 2 X 1 Fluminense;2;;;;;
Santos 2 X 0 Fluminense;2;;;;;
Selecao do Fluzao.info;2;;;;;
Sequencias como mandante;2;;;;;
Sporting Cristal 1 X 3 Fluminense;2;;;;;
Sao Paulo 2 X 1 Fluminense;2;;;;;
Taca Guanabara 1969;2;;;;;
Taca Guanabara 1971;2;;;;;
Tec - Muricy Ramalho;2;;;;;
Tec - Odair Hellmann;2;;;;;
Tec - Oswaldo de Oliveira;2;;;;;
Tec - Ricardo Drubscky;2;;;;;
Thiago Neves 2013;2;;;;;
Tito 1989;2;;;;;
Todos os Jogos contra Bangu-RJ;2;;;;;
Todos os Jogos contra Muricy Ramalho;2;;;;;
Todos os Jogos contra Paysandu-PA;2;;;;;
Todos os Jogos contra Serrano-RJ;2;;;;;
Todos os Jogos de Fernando Diniz;2;;;;;
Todos os Jogos do Guga;2;;;;;
Todos os Jogos no(a) Beira Rio;2;;;;;
Treze 1 X 1 Fluminense;2;;;;;
Tricolor 2006 - 2007;2;;;;;
VAR no Brasileiro 2023;2;;;;;
Var em Campeonatos;2;;;;;
Vasco 0 X 1 Fluminense;2;;;;;
Vasco 1 X 0 Fluminense;2;;;;;
Vasco 1 X 2 Fluminense;2;;;;;
Vermelhos do Washington - 2010;2;;;;;
Vitoria BA 2 X 1 Fluminense;2;;;;;
Wanderley Luxemburgo em 01/01/2013 - 02/10/2023;2;;;;;
Ultimos 5984 jogos;2;;;;;
1 ª passagem de Fernando Diniz;1;;;;;
Abel da Costa;1;;;;;
Abel em 01/01/2013 - 02/10/2023;1;;;;;
Abelardo Conduru;1;;;;;
Adeilson 2010;1;;;;;
Ademir Menezes 1947;1;;;;;
Adidas;1;;;;;
Adilson 1973;1;;;;;
Adversario do mesmo pais;1;;;;;
Adversarios da Argentina;1;;;;;
Aflitos;1;;;;;
Alan 2023;1;;;;;
Alaor Prata em classicos;1;;;;;
Alaercio 1993;1;;;;;
Alexandre 2005;1;;;;;
Amarelos do Esquerdinha - 2023;1;;;;;
Amarelos do Fred - 2022;1;;;;;
Amarelos do Marcelo - 2023;1;;;;;
Amauri 1974;1;;;;;
Americano 0 X 3 Fluminense;1;;;;;
Americano 0 X 4 Fluminense;1;;;;;
Americano 1 X 0 Fluminense;1;;;;;
Americano 1 X 5 Fluminense;1;;;;;
Americano 2 X 0 Fluminense;1;;;;;
Amigao;1;;;;;
Amistoso Internacional 1956;1;;;;;
America 0 X 2 Fluminense;1;;;;;
America 0 X 8 Fluminense;1;;;;;
America 1 X 2 Fluminense;1;;;;;
America 2 X 0 Fluminense;1;;;;;
America 2 X 1 Fluminense;1;;;;;
America 2 X 2 Fluminense;1;;;;;
America MG 0 X 3 Fluminense;1;;;;;
America MG 1 X 0 Fluminense;1;;;;;
Anderson 1992;1;;;;;
Anderson 2013;1;;;;;
Anderson Pinheiro 1997;1;;;;;
Andre Miquimba 1997;1;;;;;
Andres Rojas;1;;;;;
Aniversariantes em 01 / 12;1;;;;;
Aniversariantes em 02 / 10;1;;;;;
Aniversariantes em 02 / 12;1;;;;;
Aniversariantes em 03 / 12;1;;;;;
Aniversariantes em 04 / 12;1;;;;;
Aniversariantes em 05 / 12;1;;;;;
Ano 2021;1;;;;;
Antonio Garcia;1;;;;;
Antonio Claudio Perin;1;;;;;
Arena da Amazonia;1;;;;;
Argemiro Felix de Lima;1;;;;;
Argentinos Juniors - Libertadores da America;1;;;;;
Argentinos Juniors 1 X 1 Fluminense;1;;;;;
Arinelson 1999;1;;;;;
Arnaldo Guinle em classicos;1;;;;;
Arouca 2008;1;;;;;
Arthur 2023;1;;;;;
Artilheiro - Adversario - Campeonato - Estadio;1;;;;;
Artilheiros ano a ano;1;;;;;
Artilheiros contra Athletico PR;1;;;;;
Artilheiros contra Atletico MG;1;;;;;
Artilheiros contra Bahia;1;;;;;
Artilheiros contra Boca Juniors - Libertadores da America;1;;;;;
Artilheiros contra Chapecoense;1;;;;;
Artilheiros contra Corinthians;1;;;;;
Artilheiros contra Coritiba;1;;;;;
Artilheiros contra Cruzeiro;1;;;;;
Artilheiros contra Flamengo - Brasileiro - Engenhao;1;;;;;
Artilheiros contra Flamengo - Brasileiro - Maracana;1;;;;;
Artilheiros contra Gremio;1;;;;;
Artilheiros contra Palmeiras;1;;;;;
Artilheiros contra Santos;1;;;;;
Artilheiros contra Sport;1;;;;;
Artilheiros contra Vasco;1;;;;;
Artilheiros em 2020;1;;;;;
Artilheiros em 2021;1;;;;;
Artilheiros mais velhos;1;;;;;
Artilheiros na temporada 2023;1;;;;;
Artilheiros no(a) Beira Rio;1;;;;;
Artilheiros no(a) Copa Sul Americana;1;;;;;
Artilheiros no(a) Libertadores da America 2023;1;;;;;
Artilheiros no(a) Maracana;1;;;;;
Assis 1975;1;;;;;
Assistencias do German Cano;1;;;;;
Assistencias do Marcelo;1;;;;;
Assistencias do Marlon;1;;;;;
Assistencias do Renato Chaves;1;;;;;
Athletico PR 1 X 2 Fluminense;1;;;;;
Athletico PR 2 X 2 Fluminense;1;;;;;
Athletico PR 4 X 1 Fluminense;1;;;;;
Atletico MG 0 X 2 Fluminense;1;;;;;
Atletico MG 1 X 1 Fluminense;1;;;;;
Atletico MG 1 X 2 Fluminense;1;;;;;
Atletico MG 2 X 2 Fluminense;1;;;;;
Atletico MG 3 X 0 Fluminense;1;;;;;
Avanhard Stadium;1;;;;;
Avai 0 X 0 Fluminense;1;;;;;
Avai 0 X 1 Fluminense;1;;;;;
Avai 0 X 3 Fluminense;1;;;;;
Bahia 1 X 1 Fluminense;1;;;;;
Bahia 2 X 2 Fluminense;1;;;;;
Bahia 3 X 3 Fluminense;1;;;;;
Baixada;1;;;;;
Banfield 0 X 0 Fluminense;1;;;;;
Bangu 0 X 1 Fluminense;1;;;;;
Bangu 0 X 2 Fluminense;1;;;;;
Bangu 1 X 2 Fluminense;1;;;;;
Beira Rio - Internacional;1;;;;;
Belo Lisboa;1;;;;;
Bonsucesso 1 X 0 Fluminense;1;;;;;
Botafogo 0 X 3 Fluminense;1;;;;;
Botafogo 3 X 3 Fluminense;1;;;;;
Bragantino 3 X 1 Fluminense;1;;;;;
Branca;1;;;;;
Branca 1907 - 1908;1;;;;;
Branca 2023 com Diogo Barbosa 2023;1;;;;;
Branca 2023 com Samuel Xavier 2023;1;;;;;
Brasileiro;1;;;;;
Brasileiro 1975;1;;;;;
Brasileiro 1978;1;;;;;
Brasileiro 1992;1;;;;;
Brasileiro 1995;1;;;;;
Brasileiro 2001;1;;;;;
Brasileiro 2002;1;;;;;
Brasileiro 2003;1;;;;;
Brasileiro 2010;1;;;;;
Brasileiro 2012;1;;;;;
Brasileiro 2013;1;;;;;
Brasileirao - Posicoes;1;;;;;
Brasiliense 0 X 3 Fluminense;1;;;;;
Brasiliense 1 X 0 Fluminense;1;;;;;
Brunel 1975;1;;;;;
Bruno Silva 2019;1;;;;;
CAP;1;;;;;
Cabofriense 0 X 0 Fluminense;1;;;;;
Cabofriense 0 X 2 Fluminense;1;;;;;
Cabofriense 0 X 4 Fluminense;1;;;;;
Cachoeiro 0 X 1 Fluminense;1;;;;;
Cadu 1998;1;;;;;
Caetano Peretti;1;;;;;
Caio Henrique 2019;1;;;;;
Calazans 1964;1;;;;;
Camisa por tipo;1;;;;;
Camisas em 1958;1;;;;;
Camisas em 1959;1;;;;;
Camisas em 1960;1;;;;;
Camisas em 1961;1;;;;;
Camisas em 2023;1;;;;;
Camisas em Classicos;1;;;;;
Camisas por ano;1;;;;;
Camisas x Adversario;1;;;;;
Camisas x Campeonato;1;;;;;
Camisas x Estadio;1;;;;;
Camisas x Jogador;1;;;;;
Campeonato da Capital;1;;;;;
Campeonato x Tecnico;1;;;;;
Campinense 1 X 0 Fluminense;1;;;;;
Campo Grande 0 X 1 Fluminense;1;;;;;
Carioca 1912;1;;;;;
Carioca 1953;1;;;;;
Carioca 1963;1;;;;;
Carioca 1976;1;;;;;
Carioca 1985;1;;;;;
Carioca 1994;1;;;;;
Carioca 2008;1;;;;;
Carioca 2023;1;;;;;
Carlos Guinle;1;;;;;
Cartoes - Jogador;1;;;;;
Cartoes em 2023;1;;;;;
Cartoes por ano;1;;;;;
Caxias-SC 1 X 3 Fluminense;1;;;;;
Ceara 1 X 4 Fluminense;1;;;;;
Cene 3 X 5 Fluminense;1;;;;;
Charles 1988;1;;;;;
Charles Williams;1;;;;;
Cinza e Branca 1902 - 1904 com Wright 1904;1;;;;;
Classicos Regionais;1;;;;;
Classicos em 2023;1;;;;;
Classicos por ano;1;;;;;
Colocacao em Campeonatos;1;;;;;
Colonia 4 X 1 Fluminense;1;;;;;
Colorado - Couto Pereira;1;;;;;
Comunale Partenio;1;;;;;
Conca 2015;1;;;;;
Consulta Jogo Numero;1;;;;;
Consulta Jogo em hh/mm;1;;;;;
Consulta Turno;1;;;;;
Consulta Tecnico Adversario;1;;;;;
Copa Sul Americana 2009;1;;;;;
Copa Sul Americana 2019;1;;;;;
Copa Sul-Minas-Rio;1;;;;;
Copa da 1a. Liga 2017;1;;;;;
Copa do Brasil;1;;;;;
Copa do Brasil 1997;1;;;;;
Copa do Brasil 1998;1;;;;;
Copa do Brasil 1999;1;;;;;
Copa do Brasil 2023;1;;;;;
Corinthians 0 X 0 Fluminense;1;;;;;
Corinthians 1 X 2 Fluminense;1;;;;;
Corinthians 2 X 0 Fluminense;1;;;;;
Corinthians 3 X 2 Fluminense;1;;;;;
Corinthians 4 X 2 Fluminense;1;;;;;
Coritiba - Maracana;1;;;;;
Coritiba 0 X 0 Fluminense;1;;;;;
Coritiba 3 X 0 Fluminense;1;;;;;
Coritiba 3 X 3 Fluminense;1;;;;;
Costa Santos 1911;1;;;;;
Criciuma 0 X 2 Fluminense;1;;;;;
Cristovao Borges em 01/01/2013 - 02/10/2023;1;;;;;
Cruzeiro - Giulitte Coutinho;1;;;;;
Cruzeiro 1 X 0 Fluminense;1;;;;;
Cruzeiro 2 X 3 Fluminense;1;;;;;
Cruzeiro 2 X 6 Fluminense;1;;;;;
Cruzeiro 5 X 2 Fluminense;1;;;;;
Curiosidades dos Estadios;1;;;;;
Cesar 1998;1;;;;;
Cicero 1993;1;;;;;
Danielzinho 2023;1;;;;;
Dari 1965;1;;;;;
David Braz 2023;1;;;;;
David Fischel em classicos;1;;;;;
Deco 2013 - Gols por Adversario;1;;;;;
Dede 1996 - Gols por Adversario;1;;;;;
Delei 1987 - Gols por Adversario;1;;;;;
Demetrius 1996;1;;;;;
Deportivo Galicia 1 X 3 Fluminense;1;;;;;
Deportivo Italia 0 X 6 Fluminense;1;;;;;
Detalhamento dos gols - Barriga;1;;;;;
Detalhamento dos gols - Placa;1;;;;;
Detalhes dos Gols por minuto;1;;;;;
Diego 2008;1;;;;;
Disputa de Penalty por Adversario;1;;;;;
Distribuicao de Gols;1;;;;;
Distancia Percorrida em 2023;1;;;;;
Distancia percorrida por ano;1;;;;;
Dryworld;1;;;;;
Dudu 1994;1;;;;;
Delson 1935;1;;;;;
Edinho 1989;1;;;;;
Edson 1955;1;;;;;
Eduardo Baptista em 01/01/2013 - 02/10/2023;1;;;;;
Edwin Cox 1910;1;;;;;
Elenco de jogadores em 2017;1;;;;;
Elenco por em Ano;1;;;;;
Eloi 1992;1;;;;;
Enderson Moreira em 01/01/2013 - 02/10/2023;1;;;;;
Engenhao;1;;;;;
Entrerriense 0 X 3 Fluminense;1;;;;;
Escurinho 1964;1;;;;;
Especiais Arbitros;1;;;;;
Esportivo RS 1 X 2 Fluminense;1;;;;;
Esquerdinha 2023;1;;;;;
Estatisticas de 2020 ate 2023;1;;;;;
Estatisticas de 2023 ate 2023;1;;;;;
Esteban Ostojich;1;;;;;
Estrangeiros com mais jogos;1;;;;;
Eurico de Moraes 1904;1;;;;;
Facundo Tello;1;;;;;
Fanta 1983;1;;;;;
Faro 1923;1;;;;;
Fast 0 X 1 Fluminense;1;;;;;
Felippe Cardoso 2021;1;;;;;
Fernando Diniz - 2022;1;;;;;
Fernando Diniz - 2023;1;;;;;
Fernando Diniz - Brasileiro;1;;;;;
Fernando Diniz - Maracana;1;;;;;
Fernando Diniz em 01/01/2013 - 02/10/2023;1;;;;;
Figueira de Melo;1;;;;;
Figueirense 0 X 0 Fluminense;1;;;;;
Figueirense 1 X 1 Fluminense;1;;;;;
Figueirense 2 X 1 Fluminense;1;;;;;
Flamengo 0 X 3 Fluminense;1;;;;;
Flamengo 0 X 4 Fluminense;1;;;;;
Flamengo 1 X 0 Fluminense;1;;;;;
Flamengo 4 X 1 Fluminense;1;;;;;
Flamengo 4 X 3 Fluminense;1;;;;;
Flamengo 5 X 2 Fluminense;1;;;;;
Flamengo PI 1 X 2 Fluminense;1;;;;;
Flavio Rodrigues de Souza;1;;;;;
Floresta;1;;;;;
Fluminense 0 X 0 Americano;1;;;;;
Fluminense 0 X 0 America;1;;;;;
Fluminense 0 X 0 Bahia;1;;;;;
Fluminense 0 X 0 Bragantino;1;;;;;
Fluminense 0 X 0 Cruzeiro;1;;;;;
Fluminense 0 X 0 Gremio Prudente;1;;;;;
Fluminense 0 X 0 Nautico;1;;;;;
Fluminense 0 X 0 Olaria;1;;;;;
Fluminense 0 X 0 Parana;1;;;;;
Fluminense 0 X 0 Paulista;1;;;;;
Fluminense 0 X 0 Porto Alegre;1;;;;;
Fluminense 0 X 0 Portuguesa SP;1;;;;;
Fluminense 0 X 0 Sport;1;;;;;
Fluminense 0 X 1 America RN;1;;;;;
Fluminense 0 X 1 Atletico MG;1;;;;;
Fluminense 0 X 1 Brasiliense;1;;;;;
Fluminense 0 X 1 Deportivo Italia;1;;;;;
Fluminense 0 X 1 Flamengo;1;;;;;
Fluminense 0 X 1 Internacional;1;;;;;
Fluminense 0 X 1 Madureira;1;;;;;
Fluminense 0 X 1 Palmeiras;1;;;;;
Fluminense 0 X 1 Parana;1;;;;;
Fluminense 0 X 1 Sport;1;;;;;
Fluminense 0 X 2 Americano;1;;;;;
Fluminense 0 X 2 America MG;1;;;;;
Fluminense 0 X 2 Atletico MG;1;;;;;
Fluminense 0 X 2 Corinthians;1;;;;;
Fluminense 0 X 2 Figueirense;1;;;;;
Fluminense 0 X 2 Flamengo;1;;;;;
Fluminense 0 X 2 Parana;1;;;;;
Fluminense 0 X 2 Vasco;1;;;;;
Fluminense 0 X 3 Palmeiras;1;;;;;
Fluminense 0 X 4 Vasco;1;;;;;
Fluminense 1 X 0 Atletico Nacional;1;;;;;
Fluminense 1 X 0 Botafogo;1;;;;;
Fluminense 1 X 0 Carioca;1;;;;;
Fluminense 1 X 0 Cerro Portenho;1;;;;;
Fluminense 1 X 0 Esportivo RS;1;;;;;
Fluminense 1 X 0 Goytacas;1;;;;;
Fluminense 1 X 0 Gremio;1;;;;;
Fluminense 1 X 0 Guarani;1;;;;;
Fluminense 1 X 0 Juventude;1;;;;;
Fluminense 1 X 0 Mangueira;1;;;;;
Fluminense 1 X 0 Nova Iguacu;1;;;;;
Fluminense 1 X 0 Olaria;1;;;;;
Fluminense 1 X 0 Palmeiras;1;;;;;
Fluminense 1 X 0 Ponte Preta;1;;;;;
Fluminense 1 X 0 Santo Andre;1;;;;;
Fluminense 1 X 0 Santos;1;;;;;
Fluminense 1 X 0 Sao Caetano;1;;;;;
Fluminense 1 X 0 Sao Paulo;1;;;;;
Fluminense 1 X 0 Treze;1;;;;;
Fluminense 1 X 0 Ulsan Hyundai;1;;;;;
Fluminense 1 X 0 Vasco;1;;;;;
Fluminense 1 X 0 Vitoria BA;1;;;;;
Fluminense 1 X 0 Volta Redonda;1;;;;;
Fluminense 1 X 0 Zamora;1;;;;;
Fluminense 1 X 1 Bangu;1;;;;;
Fluminense 1 X 1 Corinthians;1;;;;;
Fluminense 1 X 1 Cruzeiro;1;;;;;
Fluminense 1 X 1 Fortaleza;1;;;;;
Fluminense 1 X 1 Friburguense;1;;;;;
Fluminense 1 X 1 Gimnasia Y Esgrima;1;;;;;
Fluminense 1 X 1 Goias;1;;;;;
Fluminense 1 X 1 Gremio Prudente;1;;;;;
Fluminense 1 X 1 Guarani;1;;;;;
Fluminense 1 X 1 Olaria;1;;;;;
Fluminense 1 X 1 Portuguesa SP;1;;;;;
Fluminense 1 X 1 Sporting Cristal;1;;;;;
Fluminense 1 X 1 Vitoria BA;1;;;;;
Fluminense 1 X 1 Volta Redonda;1;;;;;
Fluminense 1 X 2 Americano;1;;;;;
Fluminense 1 X 2 Athletico PR;1;;;;;
Fluminense 1 X 2 Bonsucesso;1;;;;;
Fluminense 1 X 2 Corinthians;1;;;;;
Fluminense 1 X 2 Juventude;1;;;;;
Fluminense 1 X 2 Olaria;1;;;;;
Fluminense 1 X 3 Sao Paulo;1;;;;;
Fluminense 1 X 3 Vasco;1;;;;;
Fluminense 1 X 4 Goias;1;;;;;
Fluminense 1 X 4 Santos;1;;;;;
Fluminense 2 X 0 Athletico PR;1;;;;;
Fluminense 2 X 0 Bahia;1;;;;;
Fluminense 2 X 0 Boavista;1;;;;;
Fluminense 2 X 0 Botafogo;1;;;;;
Fluminense 2 X 0 Botafogo SP;1;;;;;
Fluminense 2 X 0 Campo Grande;1;;;;;
Fluminense 2 X 0 Coritiba;1;;;;;
Fluminense 2 X 0 Flamengo PI;1;;;;;
Fluminense 2 X 0 Fortaleza;1;;;;;
Fluminense 2 X 0 Juventude;1;;;;;
Fluminense 2 X 0 Madureira;1;;;;;
Fluminense 2 X 0 Olaria;1;;;;;
Fluminense 2 X 0 Operario MS;1;;;;;
Fluminense 2 X 0 Palmeiras;1;;;;;
Fluminense 2 X 0 Paulistano;1;;;;;
Fluminense 2 X 0 Ponte Preta;1;;;;;
Fluminense 2 X 0 Portuguesa SP;1;;;;;
Fluminense 2 X 0 Sao Raimundo;1;;;;;
Fluminense 2 X 0 Vitoria BA;1;;;;;
Fluminense 2 X 1 Americano;1;;;;;
Fluminense 2 X 1 Athletico PR;1;;;;;
Fluminense 2 X 1 Barreira;1;;;;;
Fluminense 2 X 1 Bonsucesso;1;;;;;
Fluminense 2 X 1 Bragantino;1;;;;;
Fluminense 2 X 1 Cabofriense;1;;;;;
Fluminense 2 X 1 Cachoeiro;1;;;;;
Fluminense 2 X 1 Ceara;1;;;;;
Fluminense 2 X 1 Entrerriense;1;;;;;
Fluminense 2 X 1 Guarani;1;;;;;
Fluminense 2 X 1 Moto Club;1;;;;;
Fluminense 2 X 1 Picos;1;;;;;
Fluminense 2 X 1 Ponte Preta;1;;;;;
Fluminense 2 X 1 Portuguesa SP;1;;;;;
Fluminense 2 X 1 Sport;1;;;;;
Fluminense 2 X 1 Universidad Catolica;1;;;;;
Fluminense 2 X 2 Americano;1;;;;;
Fluminense 2 X 2 Ceara;1;;;;;
Fluminense 2 X 2 Friburguense;1;;;;;
Fluminense 2 X 2 Goias;1;;;;;
Fluminense 2 X 2 Gremio;1;;;;;
Fluminense 2 X 2 Linhares;1;;;;;
Fluminense 2 X 2 Palmeiras;1;;;;;
Fluminense 2 X 2 Ponte Preta;1;;;;;
Fluminense 2 X 2 Santos;1;;;;;
Fluminense 2 X 2 Sergipe;1;;;;;
Fluminense 2 X 2 Sao Paulo;1;;;;;
Fluminense 2 X 3 Americano;1;;;;;
Fluminense 2 X 3 America;1;;;;;
Fluminense 2 X 3 Cabofriense;1;;;;;
Fluminense 2 X 3 Flamengo;1;;;;;
Fluminense 2 X 3 Friburguense;1;;;;;
Fluminense 2 X 3 Goias;1;;;;;
Fluminense 2 X 4 Coritiba;1;;;;;
Fluminense 2 X 4 Vasco;1;;;;;
Fluminense 3 X 0 Cabofriense;1;;;;;
Fluminense 3 X 0 Figueirense;1;;;;;
Fluminense 3 X 0 Gremio;1;;;;;
Fluminense 3 X 0 Internacional;1;;;;;
Fluminense 3 X 0 Juventude MT;1;;;;;
Fluminense 3 X 0 Madureira;1;;;;;
Fluminense 3 X 0 Nacional PB;1;;;;;
Fluminense 3 X 0 Ponte Preta;1;;;;;
Fluminense 3 X 0 Resende;1;;;;;
Fluminense 3 X 0 Sao Caetano;1;;;;;
Fluminense 3 X 0 Sao Cristovao;1;;;;;
Fluminense 3 X 0 Vasco;1;;;;;
Fluminense 3 X 1 Banfield;1;;;;;
Fluminense 3 X 1 Campinense;1;;;;;
Fluminense 3 X 1 Coritiba;1;;;;;
Fluminense 3 X 1 Friburguense;1;;;;;
Fluminense 3 X 1 Gremio;1;;;;;
Fluminense 3 X 1 Navio Amethyst;1;;;;;
Fluminense 3 X 1 Parana;1;;;;;
Fluminense 3 X 1 Portuguesa;1;;;;;
Fluminense 3 X 1 Sport;1;;;;;
Fluminense 3 X 1 Volta Redonda;1;;;;;
Fluminense 3 X 2 Atletico MG;1;;;;;
Fluminense 3 X 2 Avai;1;;;;;
Fluminense 3 X 2 Campo Grande;1;;;;;
Fluminense 3 X 2 Flamengo;1;;;;;
Fluminense 3 X 2 Goytacas;1;;;;;
Fluminense 3 X 2 Parana;1;;;;;
Fluminense 3 X 2 Ponte Preta;1;;;;;
Fluminense 3 X 2 Santa Cruz;1;;;;;
Fluminense 3 X 3 Chapecoense;1;;;;;
Fluminense 3 X 3 Flamengo;1;;;;;
Fluminense 3 X 4 Portuguesa SP;1;;;;;
Fluminense 4 X 0 America;1;;;;;
Fluminense 4 X 0 Botafogo;1;;;;;
Fluminense 4 X 0 Fluminense BA;1;;;;;
Fluminense 4 X 0 Friburguense;1;;;;;
Fluminense 4 X 0 Madureira;1;;;;;
Fluminense 4 X 0 Palmeiras;1;;;;;
Fluminense 4 X 0 Tigres;1;;;;;
Fluminense 4 X 0 Volta Redonda;1;;;;;
Fluminense 4 X 1 Alianza Atletico;1;;;;;
Fluminense 4 X 1 America;1;;;;;
Fluminense 4 X 1 Atletico Nacional;1;;;;;
Fluminense 4 X 1 Bangu;1;;;;;
Fluminense 4 X 1 Deportivo Galicia;1;;;;;
Fluminense 4 X 1 Madureira;1;;;;;
Fluminense 4 X 1 Rio Cricket;1;;;;;
Fluminense 4 X 2 Palmeiras;1;;;;;
Fluminense 4 X 3 Figueirense;1;;;;;
Fluminense 4 X 3 Gama;1;;;;;
Fluminense 4 X 3 Santos;1;;;;;
Fluminense 5 X 0 Cabofriense;1;;;;;
Fluminense 5 X 0 Goytacas;1;;;;;
Fluminense 5 X 1 Cruzeiro;1;;;;;
Fluminense 5 X 1 Madureira;1;;;;;
Fluminense 5 X 1 Olaria;1;;;;;
Fluminense 5 X 1 Sampaio Correa;1;;;;;
Fluminense 5 X 2 Corinthians;1;;;;;
Fluminense 5 X 2 Guarani;1;;;;;
Fluminense 6 X 1 Friburguense;1;;;;;
Fluminense 6 X 1 Santa Cruz;1;;;;;
Fluminense 7 X 1 Juventude;1;;;;;
Fluminense BA 1 X 1 Fluminense;1;;;;;
Fluminense X Argentinos Juniors - Video;1;;;;;
Fluminense ano a ano - Gols;1;;;;;
Fluminense x A. A. Palmeiras-SP;1;;;;;
Fluminense x ABC-RN;1;;;;;
Fluminense x ASA-AL;1;;;;;
Fluminense x Acrob-PA;1;;;;;
Fluminense x America Mexico-Mexico;1;;;;;
Fluminense x America-RJ;1;;;;;
Fluminense x Anapolina-GO;1;;;;;
Fluminense x Aracatuba-SP;1;;;;;
Fluminense x Atletico Nacional-Colombia;1;;;;;
Fluminense x Augsburg-Alemanha;1;;;;;
Fluminense x Avai-SC;1;;;;;
Fluminense x Azurra-MG;1;;;;;
Fluminense x Bahia-BA;1;;;;;
Fluminense x Basel-Suica;1;;;;;
Fluminense x Bayern de Munique-Alemanha;1;;;;;
Fluminense x Benfica-Portugal;1;;;;;
Fluminense x Boavista-RJ;1;;;;;
Fluminense x Bolivar-Bolivia;1;;;;;
Fluminense x Bonsucesso-RJ;1;;;;;
Fluminense x Bordeaux-Franca;1;;;;;
Fluminense x Burgos-Espanha;1;;;;;
Fluminense x CEUB-DF;1;;;;;
Fluminense x Campinense-PB;1;;;;;
Fluminense x Caxias ES-ES;1;;;;;
Fluminense x Ceara-CE;1;;;;;
Fluminense x Cerro Portenho-Paraguai;1;;;;;
Fluminense x Clube Baiano-BA;1;;;;;
Fluminense x Colo Colo-Chile;1;;;;;
Fluminense x Colonia-Alemanha;1;;;;;
Fluminense x Colorado-PR;1;;;;;
Fluminense x Comercial MS-MS;1;;;;;
Fluminense x Cruzeiro do Sul-RJ;1;;;;;
Fluminense x Cuiaba-MT;1;;;;;
Fluminense x Democrata GV-MG;1;;;;;
Fluminense x Democrata SL-MG;1;;;;;
Fluminense x Dublin-Uruguai;1;;;;;
Fluminense x Elche-Espanha;1;;;;;
Fluminense x Estrela do Norte-ES;1;;;;;
Fluminense x Everton-Chile;1;;;;;
Fluminense x Ferroviario PR-PR;1;;;;;
Fluminense x Figueirense-SC;1;;;;;
Fluminense x Filhos de Iguassu-RJ;1;;;;;
Fluminense x Fluminense Friburgo-RJ;1;;;;;
Fluminense x Fluminense Niteroi-RJ;1;;;;;
Fluminense x Germania-SP;1;;;;;
Fluminense x Haddock Lobo-RJ;1;;;;;
Fluminense x Helenico-RJ;1;;;;;
Fluminense x Hercilio Luz-SC;1;;;;;
Fluminense x Hibernian-Escocia;1;;;;;
Fluminense x Icasa-CE;1;;;;;
Fluminense x Ideal-RJ;1;;;;;
Fluminense x Independente SP-SP;1;;;;;
Fluminense x Inter Limeira-SP;1;;;;;
Fluminense x Internazionale-Italia;1;;;;;
Fluminense x Joinville-SC;1;;;;;
Fluminense x Juiz de Fora-MG;1;;;;;
Fluminense x Junior Barranquilla-Colombia;1;;;;;
Fluminense x Landskrona BoIS-Suecia;1;;;;;
Fluminense x Lille-Franca;1;;;;;
Fluminense x Mackenzie-SP;1;;;;;
Fluminense x Manchester-MG;1;;;;;
Fluminense x Manufatura Porcelana-RJ;1;;;;;
Fluminense x Maranhao-MA;1;;;;;
Fluminense x Mesquita-RJ;1;;;;;
Fluminense x Middlesbrough-Inglaterra;1;;;;;
Fluminense x Milan-Italia;1;;;;;
Fluminense x Modesto-RJ;1;;;;;
Fluminense x Munayshi Aktau-Cazaquistao;1;;;;;
Fluminense x Nacional MG-MG;1;;;;;
Fluminense x Nacional RJ-RJ;1;;;;;
Fluminense x Nautico Itacoatiara-AM;1;;;;;
Fluminense x Navio Amethyst-Inglaterra;1;;;;;
Fluminense x Nepa-Nigeria;1;;;;;
Fluminense x Numancia-Espanha;1;;;;;
Fluminense x Olaria-RJ;1;;;;;
Fluminense x Olimpique Lyon-Franca;1;;;;;
Fluminense x Olimpique Nice-Franca;1;;;;;
Fluminense x Palmeiras RJ-RJ;1;;;;;
Fluminense x Paraisense-MG;1;;;;;
Fluminense x Pelotas-RS;1;;;;;
Fluminense x Penharol-Uruguai;1;;;;;
Fluminense x Percy Acott-Inglaterra;1;;;;;
Fluminense x Porto-Portugal;1;;;;;
Fluminense x Portuguesa SP-SP;1;;;;;
Fluminense x Portuguesa-RJ;1;;;;;
Fluminense x Puebla-Mexico;1;;;;;
Fluminense x Remo-PA;1;;;;;
Fluminense x Ribeiro Junqueira-MG;1;;;;;
Fluminense x Rio Claro-SP;1;;;;;
Fluminense x Roma-Italia;1;;;;;
Fluminense x Royal Antwerp-Belgica;1;;;;;
Fluminense x Selecao Barreiras-CS;1;;;;;
Fluminense x Selecao Belem-CS;1;;;;;
Fluminense x Selecao Campos-CS;1;;;;;
Fluminense x Selecao Gaucha-CS;1;;;;;
Fluminense x Selecao Olimpica URSS-CS;1;;;;;
Fluminense x Sinop-MT;1;;;;;
Fluminense x Stationery Store-Nigeria;1;;;;;
Fluminense x Sao Jose-SP;1;;;;;
Fluminense x Taguatinga-DF;1;;;;;
Fluminense x Treze-PB;1;;;;;
Fluminense x Tupi-MG;1;;;;;
Fluminense x URT-MG;1;;;;;
Fluminense x Uniao Sao Joao-SP;1;;;;;
Fluminense x Vale do Rio Doce-ES;1;;;;;
Fluminense x Valencia-Espanha;1;;;;;
Fluminense x XV de Piracicaba-SP;1;;;;;
Fluminense x Young Africans-Tanzania;1;;;;;
Fluminense x Ypiranga-SP;1;;;;;
Fluminense x Zamora-Venezuela;1;;;;;
Flavio 1971 - Gols por Campeonato;1;;;;;
Fornecedor de Material Esportivo;1;;;;;
Fortaleza 3 X 1 Fluminense;1;;;;;
Fortaleza 5 X 1 Fluminense;1;;;;;
Francis Walter 1906;1;;;;;
Francisco Horta em classicos;1;;;;;
Francisco Stedile;1;;;;;
Fred - 9;1;;;;;
Fred 2022 - Gols por Adversario;1;;;;;
Fred 2022 - Gols por Campeonato;1;;;;;
Fred 2022 - Gols por Estadio;1;;;;;
Fredis Saldivar;1;;;;;
Frequencia de Placar - Tricolor 2023;1;;;;;
Frequencia de Placar em classicos;1;;;;;
Frequencia de Placares por Adversarios;1;;;;;
Friburguense 0 X 1 Fluminense;1;;;;;
Friburguense 0 X 3 Fluminense;1;;;;;
Friburguense 0 X 4 Fluminense;1;;;;;
Friburguense 1 X 0 Fluminense;1;;;;;
Friburguense 2 X 5 Fluminense;1;;;;;
Friburguense 5 X 2 Fluminense;1;;;;;
Fabio Bala 2004;1;;;;;
Felix 1978;1;;;;;
Felix Frias 1913;1;;;;;
Gabriel 2008;1;;;;;
Gabriel Pirani 2023;1;;;;;
Gallo 1911;1;;;;;
Gama 1 X 2 Fluminense;1;;;;;
Gaucho 1995;1;;;;;
German Cano 2023 - Fernando Diniz;1;;;;;
German Cano 2023 - Gols por Estadio;1;;;;;
German Cano 2023 - Libertadores da America;1;;;;;
Giovanni 2023;1;;;;;
Goias 2 X 0 Fluminense;1;;;;;
Goias 4 X 0 Fluminense;1;;;;;
Goias 6 X 1 Fluminense;1;;;;;
Goleadas;1;;;;;
Goleadas em jogos oficiais;1;;;;;
Gols de Jogador em campeonato;1;;;;;
Gols do Adeilson;1;;;;;
Gols do Alan;1;;;;;
Gols do Anderson;1;;;;;
Gols do Andre Moritz;1;;;;;
Gols do Cesar;1;;;;;
Gols do Fred;1;;;;;
Gols do Gaucho;1;;;;;
Gols do John Kennedy;1;;;;;
Gols do Keno;1;;;;;
Gols do Leandro Bonfim;1;;;;;
Gols do Maicon;1;;;;;
Gols do Marcelo;1;;;;;
Gols do Marcao;1;;;;;
Gols do Nino;1;;;;;
Gols do Rafael Sobis;1;;;;;
Gols do Renato Chaves;1;;;;;
Gols do Romeu;1;;;;;
Gols do Tarta;1;;;;;
Gols do Waldo;1;;;;;
Gols do Everton Santos;1;;;;;
Gols em Campeonato;1;;;;;
Gols por minuto;1;;;;;
Gols por minuto em 2023;1;;;;;
Goytacas 1 X 0 Fluminense;1;;;;;
Grena 2007 - 2008;1;;;;;
Graficos Gerais;1;;;;;
Graficos de Classicos;1;;;;;
Graficos de Estadios;1;;;;;
Gremio 1 X 1 Fluminense;1;;;;;
Gremio 2 X 3 Fluminense;1;;;;;
Gremio 4 X 1 Fluminense;1;;;;;
Gremio 4 X 5 Fluminense;1;;;;;
Guarani 0 X 2 Fluminense;1;;;;;
Guarani 1 X 2 Fluminense;1;;;;;
Guarani 2 X 0 Fluminense;1;;;;;
Guarani 3 X 1 Fluminense;1;;;;;
Guarani Paraguai 3 X 1 Fluminense;1;;;;;
Gustavinho 1911;1;;;;;
Heatmap de Gols por dia/mes;1;;;;;
Hector Baldassi;1;;;;;
Henrique Dourado 2018;1;;;;;
Helio 1937;1;;;;;
Helio 1990;1;;;;;
Internacional 0 X 0 Fluminense;1;;;;;
Internacional 2 X 1 Fluminense;1;;;;;
Jair Marinho 1964;1;;;;;
Jairo 1958;1;;;;;
Jean 2006;1;;;;;
Jean 2007;1;;;;;
Jogador x Adversario;1;;;;;
Jogador x Tecnico;1;;;;;
Jogadores com mais derrotas;1;;;;;
Jogadores com mais empates;1;;;;;
Jogadores com mais vitorias;1;;;;;
Jogos em 01 / 2001;1;;;;;
Jogos em 06 / 2002;1;;;;;
Jogos em 10 / 06;1;;;;;
Jogos em 10 / 2002;1;;;;;
Jogos em 11 / 2002;1;;;;;
Jogos em 17 / 08;1;;;;;
Jogos em 26 / 07;1;;;;;
Jogos em 29 / 04;1;;;;;
Jogos em Estadio por ano;1;;;;;
Jogos x Gols em campeonato;1;;;;;
Jorge Pereira da Silva;1;;;;;
Jorge Vitorio 1973;1;;;;;
Jose Aparecido de Oliveira;1;;;;;
Jose Argote;1;;;;;
Jose Carlos Cavalheiro de Moraes;1;;;;;
Jose Carlos Marcondes;1;;;;;
Joao Costa Santos 1909;1;;;;;
Joao Neto 2023;1;;;;;
Juan Domingo Peron;1;;;;;
Juan Soto;1;;;;;
Julio Cesar 2018;1;;;;;
Juventude 1 X 1 Fluminense;1;;;;;
Juventude 2 X 0 Fluminense;1;;;;;
Juventude 2 X 2 Fluminense;1;;;;;
Juventude 3 X 4 Fluminense;1;;;;;
Kieza 2010;1;;;;;
Kleber 2005;1;;;;;
Kurikutelas;1;;;;;
La Rosaleda;1;;;;;
Lafaiete 1956;1;;;;;
Leandro 2005;1;;;;;
Leandro Bonfim 2009;1;;;;;
Levir Culpi em 01/01/2013 - 02/10/2023;1;;;;;
Libertad 1 X 2 Fluminense;1;;;;;
Libertadores da America - Maracana;1;;;;;
Libertadores da America 2011 - Engenhao;1;;;;;
Libertadores da America 2012 - Engenhao;1;;;;;
Libertadores da America 2013 - Engenhao;1;;;;;
Libertadores da America 2013 - Sao Januario;1;;;;;
Libertadores da America 2022 - Engenhao;1;;;;;
Libertadores da America 2022 - Sao Januario;1;;;;;
Libertadores da America em 03/01/1971 - 03/10/2023;1;;;;;
Lincoln Afonso Bicalho;1;;;;;
Linhares 1 X 1 Fluminense;1;;;;;
Luiz Alberto 1977;1;;;;;
Macale 1993;1;;;;;
Madureira 0 X 2 Fluminense;1;;;;;
Madureira 0 X 3 Fluminense;1;;;;;
Madureira 2 X 3 Fluminense;1;;;;;
Maicon 2010;1;;;;;
Maior Artilheiro contra Adversario em Campeonato;1;;;;;
Maior Artilheiro contra Adversario em Campeonato em Estadio;1;;;;;
Maior Artilheiro em Temporada;1;;;;;
Maiores Artilheiros em 1 Carioca;1;;;;;
Maiores Artilheiros em 1 Partida;1;;;;;
Maiores Assistentes;1;;;;;
Maiores Publicos - Argentinos Juniors;1;;;;;
Maiores Publicos - Boca Juniors;1;;;;;
Maiores Publicos - Botafogo;1;;;;;
Maiores Publicos - Brasileiro 2023;1;;;;;
Maiores Publicos - Olimpia;1;;;;;
Maiores Publicos - Serrano;1;;;;;
Maiores Publicos - The Strongest;1;;;;;
Mais jogos no(a) Brasileiro 2023;1;;;;;
Mais jogos no(a) Carioca;1;;;;;
Mais jogos no(a) Copa Sul Americana;1;;;;;
Mais jogos no(a) Copa do Brasil;1;;;;;
Mais jogos no(a) Libertadores da America 2008;1;;;;;
Mais jogos nos Seculos;1;;;;;
Mais jogos sem levar gol;1;;;;;
Mais jogou em estadio em campeonato;1;;;;;
Mais vezes Artilheiros anuais;1;;;;;
Mangueirao;1;;;;;
Manoel Schwartz em classicos;1;;;;;
Maracana - Libertadores da America 1985;1;;;;;
Maracana - Libertadores da America 2008;1;;;;;
Maracana - Libertadores da America 2021;1;;;;;
Maracana - Libertadores da America 2023;1;;;;;
Maracana em 01/01/1985 - 06/10/2023;1;;;;;
Maracana em 01/01/2003 - 06/10/2023;1;;;;;
Maracana em 21/07/2013 - 03/10/2023;1;;;;;
Marcelo 2023 - Gols por Ano;1;;;;;
Marcelo Barreto 1993;1;;;;;
Marcelo Oliveira em 01/01/2013 - 02/10/2023;1;;;;;
Marcial 1937;1;;;;;
Marcos Felipe 2022;1;;;;;
Marcao 2006;1;;;;;
Marcao em 01/01/2013 - 02/10/2023;1;;;;;
Marquinho 2017;1;;;;;
Martim 1914 - Gols por Ano;1;;;;;
Mateus 1964;1;;;;;
Mateus Goncalves 2019;1;;;;;
Matheus Carvalho 2014 - Gols por Ano;1;;;;;
Matheus Ferraz 2022 - Gols por Ano;1;;;;;
Matheus Martins 2022 - Gols por Ano;1;;;;;
Maurinho 1963 - Gols por Ano;1;;;;;
Maurinho 1985 - Gols por Ano;1;;;;;
Mauricio 2010 - Gols por Ano;1;;;;;
Meireles 1931 - Gols por Ano;1;;;;;
Mendes 1937 - Gols por Ano;1;;;;;
Menores Publicos;1;;;;;
Menores Publicos Arena do Gremio;1;;;;;
Michael 2015 - Gols por Ano;1;;;;;
Michel Araujo 2023 - Gols por Ano;1;;;;;
Mickey 1974 - Gols por Ano;1;;;;;
Miguel 1956 - Gols por Ano;1;;;;;
Milani 1940 - Gols por Ano;1;;;;;
Milton 1928 - Gols por Ano;1;;;;;
Milton 1939 - Gols por Ano;1;;;;;
Milton do O 2005;1;;;;;
Minutagem 2010;1;;;;;
Minutagem 2023;1;;;;;
Minutagem em Ano;1;;;;;
Mirim 1948 - Gols por Ano;1;;;;;
Mogiana;1;;;;;
Monk 1910;1;;;;;
Monk 1910 - Gols por Ano;1;;;;;
Municipal de Coroata;1;;;;;
Marcio Baby 1994;1;;;;;
Media de Publico - Libertadores da America;1;;;;;
Media de Publico - Maracana;1;;;;;
Media de gols sofridos;1;;;;;
Nene 2021;1;;;;;
Nilson 1974;1;;;;;
Nunes 1979;1;;;;;
Nautico 1 X 2 Fluminense;1;;;;;
Numeros por ano;1;;;;;
Odair 1999;1;;;;;
Odair Hellmann em 01/01/2013 - 02/10/2023;1;;;;;
Odvan 2004;1;;;;;
Olaria 2 X 2 Fluminense;1;;;;;
Olaria 2 X 4 Fluminense;1;;;;;
Olimpia 2 X 0 Fluminense;1;;;;;
Oliveira 1973;1;;;;;
Orlando Pingo Ouro 1953;1;;;;;
Orlando Pingo Ouro 1953 - Gols por Adversario;1;;;;;
Orlando Pingo Ouro 1953 - Gols por Campeonato;1;;;;;
Oscar Cox 1908;1;;;;;
Osmar 1928;1;;;;;
Osmar 1968;1;;;;;
Osmar 2006;1;;;;;
Osni 1980;1;;;;;
Osvaldo 2017;1;;;;;
Osvaldo dos Santos Ramos;1;;;;;
Oswaldo da Cunha Fonseca;1;;;;;
Oswaldo de Oliveira em 01/01/2013 - 02/10/2023;1;;;;;
Palmeiras 1 X 0 Fluminense;1;;;;;
Palmeiras 1 X 1 Fluminense;1;;;;;
Palmeiras 1 X 3 Fluminense;1;;;;;
Palmeiras 2 X 6 Fluminense;1;;;;;
Palmeiras 5 X 1 Fluminense;1;;;;;
Parada de Lucas;1;;;;;
Parana 2 X 0 Fluminense;1;;;;;
Parana 6 X 1 Fluminense;1;;;;;
Parc des Princes;1;;;;;
Patricio Loustau;1;;;;;
Patrocinio das camisas;1;;;;;
Paulista 2 X 0 Fluminense;1;;;;;
Paulista 3 X 0 Fluminense;1;;;;;
Paulo Henrique Ganso 2023 - Brasileiro;1;;;;;
Paysandu 2 X 2 Fluminense;1;;;;;
Paysandu 3 X 1 Fluminense;1;;;;;
Paysandu 3 X 2 Fluminense;1;;;;;
Paysandu 3 X 3 Fluminense;1;;;;;
Paysandu Cricket 1 X 6 Fluminense;1;;;;;
Pedrinho 2006;1;;;;;
Pedro Amorim 1947;1;;;;;
Pedro Vilela;1;;;;;
Pele 1978;1;;;;;
Penalty;1;;;;;
Penharol 1 X 2 Fluminense;1;;;;;
Pepsi Cup 1993;1;;;;;
Peter Siemsen em classicos;1;;;;;
Pintinho 1985;1;;;;;
Pinto 1932;1;;;;;
Pipi 1944;1;;;;;
Pipico 1966;1;;;;;
Pisa 0 X 0 Fluminense;1;;;;;
Placar de 2 x 2 contra Internacional;1;;;;;
Polaco 1988;1;;;;;
Ponte Preta 2 X 1 Fluminense;1;;;;;
Ponte Preta 3 X 0 Fluminense;1;;;;;
Ponte Preta 3 X 2 Fluminense;1;;;;;
Porto Alegre 0 X 2 Fluminense;1;;;;;
Portuguesa 0 X 1 Fluminense;1;;;;;
Portuguesa 0 X 3 Fluminense;1;;;;;
Portuguesa 1 X 1 Fluminense;1;;;;;
Portuguesa SP 0 X 1 Fluminense;1;;;;;
Posicoes rodada a rodada;1;;;;;
Pouso Alegre 0 X 1 Fluminense;1;;;;;
Preguinho 1939;1;;;;;
Principais adversarios em Campeonato;1;;;;;
Procopio 1965;1;;;;;
Proximos Jogos;1;;;;;
Publico em 2023;1;;;;;
Pindaro 1955;1;;;;;
Radames 2009;1;;;;;
Rafael Moura 2012;1;;;;;
Rafael Ribeiro 2021;1;;;;;
Rafael Sobis 2014;1;;;;;
Ranking de Assistencias;1;;;;;
Ranking de Campanhas;1;;;;;
Ranking de Tecnicos Adversarios em jogos oficiais - Seculo XXI;1;;;;;
Ranking dos gols - Barriga;1;;;;;
Ranking dos gols - Barriga nos seculos;1;;;;;
Ranking dos gols - Cabeca;1;;;;;
Ranking dos gols - Calcanhar;1;;;;;
Ranking dos gols - Canela;1;;;;;
Ranking dos gols - Joelho;1;;;;;
Ranking dos gols - Meia Bicicleta;1;;;;;
Ranking dos gols - Normal;1;;;;;
Ranking dos gols - Olimpico;1;;;;;
Ranking dos gols - Sem Pulo;1;;;;;
Raphael Claus;1;;;;;
Real Madrid 2 X 0 Fluminense;1;;;;;
Reinaldo Ribas;1;;;;;
Renatinho 1993;1;;;;;
Renato Gaucho 1997;1;;;;;
Renato Gaucho 1997 - Gols por Ano;1;;;;;
Renato Martins 1987;1;;;;;
Resende 0 X 2 Fluminense;1;;;;;
Ricardo Berna 2013;1;;;;;
River Plate - Libertadores da America;1;;;;;
River Plate 2 X 0 Fluminense;1;;;;;
Roberto Silvera;1;;;;;
Roger 2008;1;;;;;
Romeu 2009;1;;;;;
Rony 1996;1;;;;;
Rubens Galaxe 1982;1;;;;;
Russo 1944;1;;;;;
Saldo de 10 gols no Maracana;1;;;;;
Saldo de 2 gols no Maracana;1;;;;;
Saldo de 4 gols no Brasileiro;1;;;;;
Saldo de 4 gols no Maracana;1;;;;;
Saldo de 7 gols no Maracana;1;;;;;
Saldo de 8 gols no Maracana;1;;;;;
Sandro 1992;1;;;;;
Sandro 2009;1;;;;;
Santa Cruz 1 X 2 Fluminense;1;;;;;
Santa Cruz 2 X 0 Fluminense;1;;;;;
Santos 1 X 1 Fluminense;1;;;;;
Santos 2 X 1 Fluminense;1;;;;;
Santos 3 X 1 Fluminense;1;;;;;
Santos 5 X 0 Fluminense;1;;;;;
Schuback 1904;1;;;;;
Sel. Vale do Paraiba 0 X 9 Fluminense;1;;;;;
Selecao El Salvador 2 X 3 Fluminense;1;;;;;
Selecao Italia 5 X 3 Fluminense;1;;;;;
Selecao Japao 0 X 0 Fluminense;1;;;;;
Selecao Martinica 1 X 1 Fluminense;1;;;;;
Sem marca;1;;;;;
Sequencias em Estadio como mandante;1;;;;;
Sequencias em classicos;1;;;;;
Severo 1967;1;;;;;
Sorato 2003;1;;;;;
Souza 1992;1;;;;;
Spal 2 X 3 Fluminense;1;;;;;
Sport 1 X 1 Fluminense;1;;;;;
Sport 2 X 1 Fluminense;1;;;;;
Sao Caetano 1 X 1 Fluminense;1;;;;;
Sao Caetano 2 X 1 Fluminense;1;;;;;
Sao Cristovao 0 X 3 Fluminense;1;;;;;
Sao Cristovao 1 X 8 Fluminense;1;;;;;
Sao Paulo 1 X 1 Fluminense;1;;;;;
Sao Paulo 2 X 0 Fluminense;1;;;;;
Sao Paulo 4 X 3 Fluminense;1;;;;;
Sao Paulo 6 X 0 Fluminense;1;;;;;
Tarta 2011;1;;;;;
Taca Guanabara 1965;1;;;;;
Taca Guanabara 1966;1;;;;;
Taca Rivadavia Correia Meyer 1953;1;;;;;
Tec - Alexandre Gama;1;;;;;
Tec - Altair;1;;;;;
Tec - Carbone;1;;;;;
Tec - Charles Williams;1;;;;;
Tec - Cristovao Borges;1;;;;;
Tec - Didi;1;;;;;
Tec - Dorival Junior;1;;;;;
Tec - Jorge Vieira;1;;;;;
Tec - Levir Culpi;1;;;;;
Tec - Lucio Novelli;1;;;;;
Tec - Marcao;1;;;;;
Tec - Othon Valentin;1;;;;;
Tec - Ramon Platero;1;;;;;
Tec - Ricardo Gomes;1;;;;;
Tec - Roger Machado;1;;;;;
Tec - Tele;1;;;;;
Tec - Vinicius Eutropio;1;;;;;
Tec - Waldemar Lemos;1;;;;;
Tele 1961;1;;;;;
The Strongest 1 X 0 Fluminense;1;;;;;
Thiago Santos 2023;1;;;;;
Time Base;1;;;;;
Time Base de;1;;;;;
Time Base de 2022;1;;;;;
Times do Nordeste;1;;;;;
Times do Sudeste;1;;;;;
Tipos de gol por ano;1;;;;;
Tito 1964;1;;;;;
Todos os Jogos apitados por Anderson Daronco;1;;;;;
Todos os Jogos apitados por Leandro Pedro Vuaden;1;;;;;
Todos os Jogos contra America MG-MG;1;;;;;
Todos os Jogos contra America-RJ;1;;;;;
Todos os Jogos contra Atletico MG-MG;1;;;;;
Todos os Jogos contra Desportiva-ES;1;;;;;
Todos os Jogos contra Edgardo Bauza;1;;;;;
Todos os Jogos contra Goias-GO;1;;;;;
Todos os Jogos contra Goytacas-RJ;1;;;;;
Todos os Jogos contra Juventude-RS;1;;;;;
Todos os Jogos contra Madureira-RJ;1;;;;;
Todos os Jogos contra Olaria-RJ;1;;;;;
Todos os Jogos contra Olimpia-Paraguai;1;;;;;
Todos os Jogos contra Paulistano-SP;1;;;;;
Todos os Jogos contra Portuguesa-RJ;1;;;;;
Todos os Jogos contra Santos-SP;1;;;;;
Todos os Jogos contra Vanderlei Luxemburgo;1;;;;;
Todos os Jogos contra Vitoria BA-BA;1;;;;;
Todos os Jogos do German Cano;1;;;;;
Todos os Jogos do Washington;1;;;;;
Torneio Roberto Gomes Pedrosa 1967;1;;;;;
Treinador com mais passagens;1;;;;;
Treze 1 X 0 Fluminense;1;;;;;
Tricolor 1984 em classicos;1;;;;;
Tricolor 1985 em classicos;1;;;;;
Tricolor 1986 em classicos;1;;;;;
Tricolor 1999 - 2000;1;;;;;
Tricolor 2008;1;;;;;
Tricolor 2009;1;;;;;
Tricolor 2010;1;;;;;
Tupi 1 X 1 Fluminense;1;;;;;
Tupazinho 1996;1;;;;;
Tuta 2006;1;;;;;
Tecnico por tempo determinado;1;;;;;
Tecnico x Adversario;1;;;;;
Tecnico x Ano;1;;;;;
Tecnico x Estadio;1;;;;;
Titulos em 1952;1;;;;;
Titulos em 1984;1;;;;;
Titulos em 2012;1;;;;;
Titulos em 2022;1;;;;;
Titulos por ano;1;;;;;
Umbro;1;;;;;
Valle Express;1;;;;;
Valtinho 1969;1;;;;;
Vampeta 1996;1;;;;;
Vasco - Procopio Teixeira;1;;;;;
Vasco - Ressacada;1;;;;;
Vasco - Rua Bariri;1;;;;;
Vasco 1 X 3 Fluminense;1;;;;;
Vasco 1 X 4 Fluminense;1;;;;;
Vasco 2 X 0 Fluminense;1;;;;;
Vasco 2 X 2 Fluminense;1;;;;;
Vasco 5 X 3 Fluminense;1;;;;;
Vasconcelos Montes;1;;;;;
Velodromo;1;;;;;
Vermelhos do Jhon Arias - 2023;1;;;;;
Vermelhos do Jorge Vitorio - 1973;1;;;;;
Vica 1992;1;;;;;
Vicentini 1946;1;;;;;
Victor Gonzalez 1962;1;;;;;
Vitalino Gomes Filho;1;;;;;
Vitor 1956;1;;;;;
Vitoria ES 1 X 1 Fluminense;1;;;;;
Vitoria BA 2 X 3 Fluminense;1;;;;;
Volta Redonda 0 X 3 Fluminense;1;;;;;
Volta Redonda 1 X 3 Fluminense;1;;;;;
Volta Redonda 2 X 1 Fluminense;1;;;;;
Volta Redonda 4 X 2 Fluminense;1;;;;;
Volta Redonda 4 X 3 Fluminense;1;;;;;
Waldo 1932;1;;;;;
Waldo 1961 - Gols por Adversario;1;;;;;
Waldo 1961 - Gols por Campeonato;1;;;;;
Washington 1989;1;;;;;
Waterman 1910;1;;;;;
Willian 2023;1;;;;;
Wilsinho 1986;1;;;;;
Wilson Luiz Seneme;1;;;;;
Wright 1904;1;;;;;
Yago 2023;1;;;;;
Yan 2002;1;;;;;
Yony Gonzales - 15;1;;;;;
Yony Gonzales - 38;1;;;;;
Zetti 2000;1;;;;;
Everton Santos 2009;1;;;;;
Ezio 1995;1;;;;;
Ezio 1995 - Gols por Ano;1;;;;;
Ultimos 25 jogos como Visitante;1;;;;;
Ultimos Jogos - Classicos;1;;;;;
;;;;;;
# Qual e a origem dos novos usuarios?;;;;;;
# Data de inicio: 20231002;;;;;;
# Data de termino: 20231008;;;;;;
Grupo de canais padrao do primeiro usuario;Novos usuarios;;;;;
Organic Search;320;;;;;
Direct;120;;;;;
Referral;10;;;;;
Organic Social;1;;;;;
;;;;;;
#  ;;;;;;
# Data de inicio: 20231002;;;;;;
# Data de termino: 20231008;;;;;;
Grupo de canais padrao da sessao;Sessoes;;;;;
Organic Search;518;;;;;
Direct;436;;;;;
Referral;29;;;;;
Organic Social;12;;;;;
Unassigned;9;;;;;
;;;;;;
#  ;;;;;;
# Data de inicio: 20231002;;;;;;
# Data de termino: 20231008;;;;;;
Nome do evento;Contagem de eventos;;;;;
page_view;6186;;;;;
user_engagement;5087;;;;;
scroll;4519;;;;;
form_submit;1492;;;;;
session_start;997;;;;;
form_start;908;;;;;
click;454;;;;;
first_visit;451;;;;;
;;;;;;
# Quais sao suas principais conversoes?;;;;;;
# Data de inicio: 20231002;;;;;;
# Data de termino: 20231008;;;;;;
Nome do evento;Conversoes;;;;;
